Animal type,Country,Weight kg,Body Length cm,Gender,Animal code,Latitude,Longitude,Animal name,Observation date,Data compiled by
red squirrel,Poland,0.3315,21.0,male,0.0,49.560723,18.944015,Bob Bobson,03.01.2024,James Johnson
red squirrel,Poland,0.3315,21.0,male,0.0,49.560723,18.944015,Bob Bobson,03.02.2024,James Johnson
red squirel,Poland,0.308,22.0,female,0.0,52.241273,21.055745,Basia,01.03.2024,Anne Anthony
red squirrel,PL,0.348,20.0,female,0.0,52.24206,21.057802,Bob Bobson,01.03.2024,Anne Anthony
red squirrel,Poland,0.316,20.0,male,0.0,52.240035,21.056188,Lolek,01.03.2024,Anne Anthony
red squirrel,Poland,0.34,21.0,male,0.0,52.240284,21.051948,Bob Bobson,01.03.2024,Anne Anthony
red squirrel,Poland,0.333,21.0,male,0.0,49.560723,18.944015,Bob Bobson,01.03.2024,Anne Anthony
red squirrel,Poland,0.265,19.0,female,0.0,52.24056,21.055899,Bob Bobson,01.03.2024,Anne Anthony
red squirrel,Poland,0.3315,21.0,male,0.0,52.241177,21.052873,Bob Bobson,01.03.2024,Anne Anthony
red squirrel,PL,0.261,22.0,female,0.0,52.240833,21.052093,Bob Bobson,01.03.2024,Anne Anthony
red squirrel,Poland,0.317,23.0,male,0.0,52.241358,21.056352,Bob Bobson,01.03.2024,Anne Anthony
red squirrel,Poland,0.328,21.0,male,0.0,52.241905,21.050727,Bob Bobson,01.03.2024,Anne Anthony
red squirrel,Hungary,0.305,21.0,male,0.0,47.511401,18.949119,Bob Bobson,01.03.2024,Anne Anthony
red squirrell,Poland,0.328,23.0,male,0.0,52.24192,21.056347,Bob Bobson,01.03.2024,Anne Anthony
red squirrel,Germany,0.294,19.0,male,0.0,49.560723,18.944015,Bob Bobson,01.03.2024,Bob Bobson
red squirrel,Germany,0.25,19.0,female,0.0,49.560723,18.944015,Bob Bobson,01.03.2024,Bob Bobson
red squirrel,Germany,0.262,21.0,male,0.0,49.560723,18.944015,Bob Bobson,01.03.2024,Bob Bobson
red squirrel,Germany,0.267,21.0,female,0.0,49.560723,18.944015,Bob Bobson,01.03.2024,Bob Bobson
red squirrel,Germany,0.269,22.0,male,0.0,49.560723,18.944015,Bob Bobson,01.03.2024,Bob Bobson
red squirrel,Germany,0.308,22.0,female,0.0,49.560723,18.944015,Bob Bobson,01.03.2024,Bob Bobson
red squirrel,Germany,0.308,19.0,male,0.0,49.560723,18.944015,Bob Bobson,01.03.2024,Bob Bobson
red squirrel,Germany,0.27,20.0,male,0.0,49.560723,18.944015,Bob Bobson,01.03.2024,Bob Bobson
red squirrel,Germany,0.32,20.0,male,0.0,49.560723,18.944015,Bob Bobson,01.03.2024,Bob Bobson
red squirrel,Germany,0.262,20.0,male,0.0,49.560723,18.944015,Bob Bobson,01.03.2024,Bob Bobson
red squirrel,Germany,0.256,21.0,male,0.0,49.560723,18.944015,Bob Bobson,01.03.2024,Bob Bobson
red squirrel,Germany,0.245,22.0,male,0.0,49.560723,18.944015,Bob Bobson,01.03.2024,Bob Bobson
red squirrel,Germany,0.292,19.0,male,0.0,49.560723,18.944015,Bob Bobson,01.03.2024,Bob Bobson
red squirrel,Germany,0.289,19.0,female,0.0,49.560723,18.944015,Bob Bobson,01.03.2024,Bob Bobson
red squirrel,Germany,0.308,22.0,male,0.0,49.560723,18.944015,Bob Bobson,01.03.2024,Bob Bobson
hedgehog,Czech Republic,0.6,20.0,female,0.0,50.636869,14.844555,Bob Bobson,01.03.2024,John Johnson
red squirrel,Slovakia,0.275,23.0,male,0.0,48.185353,17.08322,Bob Bobson,01.03.2024,John Johnson
wedgehod,Czech Republic,0.9,22.0,male,0.0,50.642843,14.84124,Bob Bobson,01.03.2024,John Johnson
red squirrel,Germany,0.244,22.0,female,0.0,49.560723,18.944015,Bob Bobson,02.03.2024,Bob Bobson
red squirrel,Germany,0.299,21.0,male,0.0,49.560723,18.944015,Bob Bobson,02.03.2024,Bob Bobson
red squirrel,Germany,0.284,20.0,female,0.0,49.560723,18.944015,Bob Bobson,02.03.2024,Bob Bobson
red squirrel,Germany,0.289,20.0,female,0.0,49.560723,18.944015,Bob Bobson,02.03.2024,Bob Bobson
red squirrel,Germany,0.284,21.0,male,0.0,49.560723,18.944015,Bob Bobson,02.03.2024,Bob Bobson
red squirrel,Germany,0.314,22.0,male,0.0,49.560723,18.944015,Bob Bobson,02.03.2024,Bob Bobson
red squirrel,Germany,0.262,19.0,female,0.0,49.560723,18.944015,Bob Bobson,02.03.2024,Bob Bobson
red squirrel,Germany,0.258,20.0,male,0.0,49.560723,18.944015,Bob Bobson,02.03.2024,Bob Bobson
red squirrel,Germany,0.297,21.0,male,0.0,49.560723,18.944015,Bob Bobson,02.03.2024,Bob Bobson
red squirrel,Germany,0.255,22.0,female,0.0,49.560723,18.944015,Bob Bobson,02.03.2024,Bob Bobson
red squirrel,Germany,0.28,22.0,male,0.0,49.560723,18.944015,Bob Bobson,02.03.2024,Bob Bobson
red squirrel,Germany,0.293,22.0,male,0.0,49.560723,18.944015,Bob Bobson,02.03.2024,Bob Bobson
red squirrel,Germany,0.295,20.0,male,0.0,49.560723,18.944015,Bob Bobson,02.03.2024,Bob Bobson
red squirrel,Germany,0.28,20.0,male,0.0,49.560723,18.944015,Bob Bobson,02.03.2024,Bob Bobson
red squirrel,Germany,0.281,20.0,male,0.0,49.560723,18.944015,Bob Bobson,02.03.2024,Bob Bobson
red squirrel,Germany,0.245,21.0,female,0.0,49.560723,18.944015,Bob Bobson,02.03.2024,Bob Bobson
red squirrel,Germany,0.283,21.0,male,0.0,49.560723,18.944015,Bob Bobson,02.03.2024,Bob Bobson
red squirrel,Germany,0.27,19.0,male,0.0,49.560723,18.944015,Bob Bobson,02.03.2024,Bob Bobson
red squirrel,Germany,0.315,22.0,male,0.0,49.560723,18.944015,Bob Bobson,02.03.2024,Bob Bobson
red squirrel,Germany,0.254,17.0,female,0.0,49.560723,18.944015,Bob Bobson,02.03.2024,Bob Bobson
red squirrel,Germany,0.249,19.0,male,0.0,49.560723,18.944015,Bob Bobson,02.03.2024,Bob Bobson
red squirrel,Germany,0.298,21.0,male,0.0,49.560723,18.944015,Bob Bobson,02.03.2024,Bob Bobson
red squirrel,Germany,0.314,19.0,female,0.0,49.560723,18.944015,Bob Bobson,02.03.2024,Bob Bobson
red squirrel,Germany,0.251,19.0,male,0.0,49.560723,18.944015,Bob Bobson,02.03.2024,Bob Bobson
red squirrel,Germany,0.293,20.0,female,0.0,49.560723,18.944015,Bob Bobson,02.03.2024,Bob Bobson
red squirrel,Germany,0.301,20.0,male,0.0,49.560723,18.944015,Bob Bobson,02.03.2024,Bob Bobson
red squirrel,Germany,0.271,17.0,male,0.0,49.560723,18.944015,Bob Bobson,02.03.2024,Bob Bobson
red squirrel,Germany,0.275,20.0,male,0.0,49.560723,18.944015,Bob Bobson,02.03.2024,Bob Bobson
red squirrel,Germany,0.304,21.0,male,0.0,49.560723,18.944015,Bob Bobson,02.03.2024,Bob Bobson
red squirrel,Germany,0.308,20.0,male,0.0,49.560723,18.944015,Bob Bobson,02.03.2024,Bob Bobson
red squirrel,Germany,0.24,21.0,male,0.0,49.560723,18.944015,Bob Bobson,02.03.2024,Bob Bobson
hedgehog,Czech Republic,0.9,20.0,female,0.0,50.639869,14.849702,Bob Bobson,02.03.2024,John Johnson
hedgehog,Czech Republic,0.7,16.0,female,0.0,50.643039,14.840662,Bob Bobson,02.03.2024,John Johnson
hedgehog,Czech Republic,0.7,14.0,female,0.0,50.637879,14.838429,Bob Bobson,02.03.2024,John Johnson
hedgehog,Czech Republic,0.5,20.0,male,0.0,50.643854,14.837155,Bob Bobson,02.03.2024,John Johnson
hedgehog,Czech Republic,1.1,22.0,female,0.0,50.635584,14.837072,Bob Bobson,02.03.2024,John Johnson
hedgehog,Czech Republic,1.0,20.0,female,0.0,50.642723,14.837229,Bob Bobson,02.03.2024,John Johnson
hedgehog,Czech Republic,0.7,13.0,female,0.0,50.639389,14.8444,Bob Bobson,02.03.2024,John Johnson
red squirrel,Hungry,0.262,20.0,female,0.0,47.510799,18.945583,Bob Bobson,03.03.2024,Anne Anthony
red squirrel,Poland,0.3315,21.0,male,0.0,49.560723,18.944015,Bob Bobson,03.03.2024,James Johnson
hedgehog,Czech Republic,0.6,20.0,male,0.0,50.637375,14.839785,Bob Bobson,03.03.2024,John Johnson
red squirel,Slovakia,0.281,18.0,male,0.0,48.18769,17.086471,Bob Bobson,03.03.2024,John Johnson
hedgehog,HU,1.1,24.0,male,0.0,48.503795,20.555932,Bob Bobson,04.03.2024,Anne Anthony
hedgehog,Hungary,1.1,26.0,not determined,0.0,48.503062,20.551698,Bob Bobson,04.03.2024,Anne Anthony
hedgehog,Hungary,0.8,18.0,female,0.0,48.503498,20.539662,Bob Bobson,04.03.2024,Anne Anthony
hedgehog,Hungary,1.2,26.0,male,0.0,48.509298,20.551977,Bob Bobson,04.03.2024,Anne Anthony
hedgehog,Poland,0.9,22.0,male,0.0,52.214679,21.033021,Bob Bobson,04.03.2024,Anne Anthony
red squirel,Hungary,0.283,18.0,female,0.0,48.505251,20.551473,Bob Bobson,04.03.2024,Anne Anthony
red squirrel,Hungary,0.296,22.0,male,0.0,48.502584,20.532518,Bob Bobson,04.03.2024,Anne Anthony
red squirrel,Hungary,0.301,18.0,female,0.0,48.505512,20.538038,Bob Bobson,04.03.2024,Anne Anthony
red squirrel,Hungary,0.295,17.0,male,0.0,48.50578,20.546466,Bob Bobson,04.03.2024,Anne Anthony
red squirrel,Hungry,0.32,18.0,male,0.0,48.502091,20.547521,Bob Bobson,04.03.2024,Anne Anthony
red squirrel,Hungary,0.28,19.0,female,0.0,48.505494,20.536362,Bob Bobson,04.03.2024,Anne Anthony
red squirrel,Poland,0.33,24.0,male,0.0,52.241203,21.050999,Bob Bobson,04.03.2024,Anne Anthony
red squirrel,Poland,0.3,22.0,female,0.0,52.240018,21.05239,Lola,04.03.2024,Anne Anthony
red squirrel,Poland,0.283,17.0,female,0.0,52.239931,21.056703,Bob Bobson,04.03.2024,Anne Anthony
red squirrel,Poland,0.341,21.0,male,0.0,52.241856,21.053078,Bob Bobson,04.03.2024,Anne Anthony
red squirrel,PL,0.35,24.0,male,0.0,52.240453,21.055847,Bob Bobson,04.03.2024,Anne Anthony
red squirrel,Poland,0.291,21.0,male,0.0,52.241662,21.05643,Bob Bobson,04.03.2024,Anne Anthony
red squirrel,Poland,0.329,22.0,female,0.0,52.241638,21.055998,Lola,04.03.2024,Anne Anthony
red squirrell,HU,0.327,18.0,female,0.0,48.502803,20.548668,Bob Bobson,04.03.2024,Anne Anthony
red squirrell,Poland,0.35,24.0,male,0.0,52.240497,21.055991,Bob Bobson,04.03.2024,Anne Anthony
hedgehog,Czech Republic,0.6,17.0,male,0.0,50.635501,14.838158,Bob Bobson,04.03.2024,John Johnson
hedgehog,Czech Republic,0.9,22.0,female,0.0,50.638142,14.849689,Bob Bobson,04.03.2024,John Johnson
red squirrel,Czech Republic,0.289,21.0,female,0.0,49.937872,14.179825,Bob Bobson,04.03.2024,John Johnson
red squirrel,Slovakia,0.297,20.0,female,0.0,48.185194,17.083142,Bob Bobson,04.03.2024,John Johnson
red squirrel,Poland,0.301,23.0,female,0.0,52.240867,21.054339,Bob Bobson,05.03.2024,Anne Anthony
red squirrel,Poland,0.344,20.0,male,0.0,52.240522,21.057552,Bob Bobson,05.03.2024,Anne Anthony
red squirrel,Hungary,0.293,18.0,female,0.0,47.507557,18.942066,Bob Bobson,05.03.2024,Anne Anthony
red squirrel,Austria,0.263,22.0,male,0.0,49.560723,18.944015,Bob Bobson,05.03.2024,Bob Bobson
hedgehog,Czech,0.9,19.0,female,0.0,50.107284,14.346127,Bob Bobson,05.03.2024,John Johnson
red squirel,Slovakia,0.333,23.0,male,0.0,48.409023,18.84399,Bob Bobson,05.03.2024,John Johnson
red squirrel,Slovakia,0.32,17.0,male,0.0,48.406733,18.838754,Bob Bobson,05.03.2024,John Johnson
red squirrel,Slovakia,0.266,18.0,female,0.0,48.40459,18.846849,Bob Bobson,05.03.2024,John Johnson
red squirrel,Slovakia,0.306,22.0,male,0.0,48.408318,18.844383,Bob Bobson,05.03.2024,John Johnson
red squirrel,Slovakia,0.311,22.0,male,0.0,48.412458,18.832425,Bob Bobson,05.03.2024,John Johnson
red squirrel,Slovakia,0.291,22.0,female,0.0,48.406551,18.837137,Bob Bobson,05.03.2024,John Johnson
red squirrell,Slovakia,0.259,19.0,male,0.0,48.405516,18.850994,Bob Bobson,05.03.2024,John Johnson
hedgehog,Poland,1.1,22.0,female,0.0,52.214521,21.031889,Bob Bobson,06.03.2024,Anne Anthony
hedgehog,Poland,0.9,21.0,male,0.0,52.214934,21.032106,Bob Bobson,06.03.2024,Anne Anthony
red squirrel,Poland,0.343,23.0,male,0.0,52.241638,21.057329,Bob Bobson,06.03.2024,Anne Anthony
red squirrel,Poland,0.274,22.0,female,0.0,52.241235,21.057356,Bob Bobson,06.03.2024,Anne Anthony
hedgehog,Czech Republic,0.6,17.0,female,0.0,50.106942,14.348502,Bob Bobson,06.03.2024,John Johnson
hedgehog,Czech Republic,1.1,26.0,male,0.0,50.106379,14.347645,Bob Bobson,06.03.2024,John Johnson
hedgehog,Czech Republic,0.8,22.0,male,0.0,50.106579,14.346283,Bob Bobson,06.03.2024,John Johnson
red squirrel,Slovakia,0.334,21.0,male,0.0,48.188008,17.085312,Bob Bobson,06.03.2024,John Johnson
red squirrell,Slovakia,0.307,23.0,female,0.0,48.185298,17.084072,Bob Bobson,06.03.2024,John Johnson
hedgehog,Hungary,0.3315,21.0,female,0.0,48.506206,20.565308,Bob Bobson,07.03.2024,Anne Anthony
hedgehog,Hungary,0.5,16.0,male,0.0,48.50509,20.539448,Bob Bobson,07.03.2024,Anne Anthony
hedgehog,Hungary,0.8,23.0,female,0.0,48.504425,20.548744,Bob Bobson,07.03.2024,Anne Anthony
hedgehog,Hungary,0.7,18.0,female,0.0,48.505617,20.541054,Bob Bobson,07.03.2024,Anne Anthony
hedgehog,Hungry,1.2,23.0,male,0.0,48.503254,20.555951,Bob Bobson,07.03.2024,Anne Anthony
hedgehog,Hungry,0.5,15.0,male,0.0,48.502359,20.563385,Bob Bobson,07.03.2024,Anne Anthony
hedgehog,Hungary,0.6,18.0,female,0.0,48.511048,20.567209,Bob Bobson,07.03.2024,Anne Anthony
red squirrel,Hungary,0.3,23.0,male,0.0,48.505406,20.535848,Bob Bobson,07.03.2024,Anne Anthony
red squirrel,Hungary,0.286,18.0,female,0.0,48.503917,20.536503,Bob Bobson,07.03.2024,Anne Anthony
red squirrel,Poland,0.318,21.0,male,0.0,52.240616,21.054902,Bob Bobson,07.03.2024,Anne Anthony
ledgehod,Czech Republic,0.7,20.0,female,0.0,50.106607,14.347909,Bob Bobson,07.03.2024,John Johnson
ledgehod,Czech Republic,0.7,20.0,female,0.0,50.106925,14.346629,Bob Bobson,07.03.2024,John Johnson
ledgehod,Czech Republic,1.2,26.0,male,0.0,50.107284,14.347676,Bob Bobson,07.03.2024,John Johnson
red squirrel,Czech Republic,0.273,17.0,female,0.0,49.938634,14.181813,Bob Bobson,07.03.2024,John Johnson
hedgehog,Hungary,1.0,24.0,female,0.0,48.506913,20.540427,Bob Bobson,08.03.2024,Anne Anthony
hedgehog,Poland,0.8,19.0,female,0.0,52.214365,21.031462,Bob Bobson,08.03.2024,Anne Anthony
red squirrel,Hungary,0.261,19.0,female,0.0,47.507023,18.940532,Bob Bobson,08.03.2024,Anne Anthony
hedgehog,Czech Republic,0.8,22.0,male,0.0,50.106811,14.348513,Bob Bobson,08.03.2024,John Johnson
hedgehog,Czech Republic,1.1,23.0,male,0.0,50.107278,14.348461,Bob Bobson,08.03.2024,John Johnson
hedgehog,Poland,0.8,22.0,female,0.0,52.214452,21.034505,Bob Bobson,09.03.2024,Anne Anthony
red squirrel,Poland,0.302,22.0,male,0.0,52.241375,21.050845,Bob Bobson,09.03.2024,Anne Anthony
red squirrell,Hungary,0.284,20.0,female,0.0,47.50938,18.949607,Bob Bobson,09.03.2024,Anne Anthony
hedgehog,Czech Republic,0.9,22.0,female,0.0,50.106583,14.346471,Bob Bobson,09.03.2024,John Johnson
hedgehog,Czech Republic,1.1,23.0,male,0.0,50.10696,14.346126,Bob Bobson,09.03.2024,John Johnson
hedgehog,Czech Republic,0.6,19.0,male,0.0,50.106311,14.346906,Bob Bobson,09.03.2024,John Johnson
red squirrel,Czech Republic,0.293,19.0,male,0.0,49.937416,14.181449,Bob Bobson,09.03.2024,John Johnson
hedgehog,Hungary,0.9,20.0,female,0.0,48.51108,20.567192,Bob Bobson,10.03.2024,Anne Anthony
hedgehog,Hungary,0.9,21.0,male,0.0,48.50529,20.566169,Bob Bobson,10.03.2024,Anne Anthony
hedgehog,Hungary,1.1,26.0,male,0.0,48.502486,20.562565,Bob Bobson,10.03.2024,Anne Anthony
hedgehog,Czech Republic,0.8,17.0,male,0.0,49.938707,14.182507,Bob Bobson,10.03.2024,John Johnson
hedgehog,Czech Republic,0.5,18.0,female,0.0,49.937531,14.180359,Bob Bobson,10.03.2024,John Johnson
hedgehog,Czech Republic,0.7,17.0,female,0.0,49.93789,14.180882,Bob Bobson,10.03.2024,John Johnson
hedgehog,Czech Republic,0.5,15.0,female,0.0,49.93734,14.18071,Bob Bobson,10.03.2024,John Johnson
hedgehog,Hungary,0.9,19.0,female,0.0,48.505634,20.543417,Bob Bobson,11.03.2024,Anne Anthony
hedgehog,Poland,0.8,16.0,female,0.0,52.214968,21.030987,Bob Bobson,11.03.2024,Anne Anthony
red squirel,Hungary,0.322,21.0,male,0.0,48.506217,20.545055,Bob Bobson,11.03.2024,Anne Anthony
red squirrel,Hungary,0.311,22.0,female,0.0,48.505737,20.546731,Bob Bobson,11.03.2024,Anne Anthony
red squirrel,Hungary,0.336,22.0,female,0.0,48.506095,20.543032,Bob Bobson,11.03.2024,Anne Anthony
red squirrel,Hungary,0.29,21.0,male,0.0,48.506429,20.543875,Bob Bobson,11.03.2024,Anne Anthony
red squirrel,Hungary,0.293,20.0,male,0.0,48.50586,20.547649,Bob Bobson,11.03.2024,Anne Anthony
red squirrel,Hungary,0.335,19.0,female,0.0,48.502521,20.558578,Bob Bobson,11.03.2024,Anne Anthony
red squirrel,Hungary,0.339,19.0,female,0.0,48.503752,20.558664,Bob Bobson,11.03.2024,Anne Anthony
red squirrel,Poland,0.304,22.0,male,0.0,52.241093,21.055413,Bob Bobson,11.03.2024,Anne Anthony
red squirel,Czech Republic,0.271,18.0,male,0.0,49.937391,14.179566,Bob Bobson,11.03.2024,John Johnson
red squirrel,Poland,0.316,24.0,male,0.0,52.240707,21.057051,Bob Bobson,12.03.2024,Anne Anthony
red squirrel,Hungry,0.3315,21.0,female,0.0,47.508454,18.949343,Bob Bobson,12.03.2024,Anne Anthony
hedgehog,Czech Republic,0.6,20.0,male,0.0,49.938169,14.178703,Bob Bobson,12.03.2024,John Johnson
hedgehog,Czech,0.4,17.0,male,0.0,49.938527,14.179315,Bob Bobson,12.03.2024,John Johnson
red squirrel,Czech Republic,0.324,23.0,female,0.0,49.937724,14.182072,Bob Bobson,12.03.2024,John Johnson
hedgehog,Hungary,0.6,14.0,female,0.0,48.506262,20.547343,Bob Bobson,13.03.2024,Anne Anthony
hedgehog,Poland,0.8,24.0,male,0.0,52.214734,21.031915,Bob Bobson,13.03.2024,Anne Anthony
red squirrel,Poland,0.36,23.0,female,0.0,52.24151,21.052575,Basia,13.03.2024,Anne Anthony
red squirrel,Hungary,0.26,18.0,male,0.0,47.505768,18.943674,Bob Bobson,13.03.2024,Anne Anthony
red squirrel,Germany,0.335,18.0,male,0.0,48.161549,11.493041,Bob Bobson,13.03.2024,Bob Bobson
hedgehog,Czech Republic,0.6,15.0,female,0.0,49.939297,14.181453,Bob Bobson,13.03.2024,John Johnson
red squirel,Slovakia,0.288,18.0,female,0.0,48.185953,17.08393,Bob Bobson,13.03.2024,John Johnson
hedgehog,Hungary,0.7,21.0,female,0.0,48.509199,20.552447,Bob Bobson,14.03.2024,Anne Anthony
hedgehog,Poland,1.0,21.0,female,0.0,52.213985,21.030841,Bob Bobson,14.03.2024,Anne Anthony
hedgehog,PL,0.8,15.0,female,0.0,52.213877,21.030861,Bob Bobson,14.03.2024,Anne Anthony
red squirrel,Poland,0.32,21.0,female,0.0,52.241309,21.057247,Bob Bobson,14.03.2024,Anne Anthony
red squirrell,Hungary,0.287,23.0,female,0.0,47.508679,18.946127,Bob Bobson,14.03.2024,Anne Anthony
hedgehog,Australia,0.8,24.0,not determined,0.0,47.781689,14.386777,Bob Bobson,14.03.2024,Bob Bobson
hedgehog,Austria,0.7,19.0,female,0.0,47.781139,14.382004,Bob Bobson,14.03.2024,Bob Bobson
hedgehog,Austria,0.8,20.0,male,0.0,47.781828,14.385001,Bob Bobson,14.03.2024,Bob Bobson
hedgehog,Austria,0.6,14.0,female,0.0,47.78106,14.386807,Bob Bobson,14.03.2024,Bob Bobson
hedgehog,Austria,0.7,24.0,male,0.0,47.780872,14.38446,Bob Bobson,14.03.2024,Bob Bobson
hedgehog,Austria,0.8,21.0,female,0.0,47.781117,14.38608,Bob Bobson,14.03.2024,Bob Bobson
hedgehog,Czech Republic,0.9,16.0,female,0.0,49.93849,14.1802,Bob Bobson,14.03.2024,John Johnson
hedgehog,Poland,0.9,22.0,male,0.0,52.214498,21.034201,Bob Bobson,15.03.2024,Anne Anthony
hedgehog,Czech Republic,0.7,21.0,female,0.0,49.938132,14.181225,Bob Bobson,15.03.2024,John Johnson
red squirel,Slovakia,0.294,23.0,male,0.0,48.184374,17.086,Bob Bobson,15.03.2024,John Johnson
red squirrel,Czech Republic,0.267,18.0,female,0.0,49.93886,14.182738,Bob Bobson,15.03.2024,John Johnson
red squirrel,Czech Republic,0.328,19.0,male,0.0,49.938357,14.177929,Bob Bobson,15.03.2024,John Johnson
hedgehog,Hungary,0.6,23.0,male,0.0,48.501763,20.547976,Bob Bobson,16.03.2024,Anne Anthony
red squirrel,Poland,0.346,19.0,male,0.0,52.240529,21.053603,Bob Bobson,16.03.2024,Anne Anthony
red squirrel,Hungary,0.27,22.0,female,0.0,47.509866,18.942538,Bob Bobson,16.03.2024,Anne Anthony
red squirrel,Slovakia,0.326,19.0,female,0.0,48.185585,17.091365,Bob Bobson,16.03.2024,John Johnson
hedgehog,Hungary,0.7,15.0,female,0.0,48.504773,20.536543,Bob Bobson,17.03.2024,Anne Anthony
hedgehog,Poland,0.6,15.0,female,0.0,52.214745,21.033701,Bob Bobson,17.03.2024,Anne Anthony
red squirrel,Hungary,0.278,21.0,female,0.0,47.510304,18.942925,Bob Bobson,17.03.2024,Anne Anthony
red squirrel,Slovakia,0.322,23.0,female,0.0,49.056857,22.416369,Bob Bobson,17.03.2024,John Johnson
red squirrel,Slovakia,0.302,23.0,male,0.0,48.41237,18.875325,Bob Bobson,17.03.2024,John Johnson
red squirrel,Slovakia,0.334,20.0,female,0.0,48.406983,18.863197,Bob Bobson,17.03.2024,John Johnson
red squirrel,Slovakia,0.28,19.0,male,0.0,48.411486,18.86773,Bob Bobson,17.03.2024,John Johnson
red squirrell,Slovakia,0.289,18.0,male,0.0,48.410536,18.870325,Bob Bobson,17.03.2024,John Johnson
red squirrel,Poland,0.346,23.0,male,0.0,52.240737,21.053063,Bob Bobson,18.03.2024,Anne Anthony
hedgehog,Czech Republic,1.2,26.0,male,0.0,49.938547,14.180402,Bob Bobson,18.03.2024,John Johnson
hedgehog,CZ,0.9,17.0,male,0.0,49.937429,14.18264,Bob Bobson,18.03.2024,John Johnson
red squirrel,Czech Republic,0.32,18.0,female,0.0,49.938634,14.179739,Bob Bobson,18.03.2024,John Johnson
red squirrel,Czech Republic,0.266,17.0,male,0.0,49.939062,14.177939,Bob Bobson,18.03.2024,John Johnson
hedgehog,Hungary,1.1,19.0,female,0.0,48.502512,20.563331,Bob Bobson,19.03.2024,Anne Anthony
hedgehog,Poland,0.4,16.0,male,0.0,52.214758,21.030697,Bob Bobson,19.03.2024,Anne Anthony
hedgehog,Austria,1.1,21.0,female,0.0,47.781212,14.384017,Bob Bobson,19.03.2024,Bob Bobson
hedgehog,Austria,0.7,25.0,male,0.0,47.781764,14.38328,Bob Bobson,19.03.2024,Bob Bobson
hedgehog,Austria,1.1,24.0,male,0.0,47.781883,14.382628,Bob Bobson,19.03.2024,Bob Bobson
hedgehog,Austria,0.4,21.0,female,0.0,47.781093,14.38209,Bob Bobson,19.03.2024,Bob Bobson
hedgehog,Germany,0.8,16.0,male,0.0,52.585958,13.147098,Bob Bobson,19.03.2024,Bob Bobson
hedgehog,Germany,0.5,18.0,female,0.0,52.586199,13.152793,Bob Bobson,19.03.2024,Bob Bobson
hedgehog,Germany,0.5,18.0,male,0.0,52.586589,13.146651,Bob Bobson,19.03.2024,Bob Bobson
hedgehog,Germany,0.4,13.0,female,0.0,52.587327,13.149206,Bob Bobson,19.03.2024,Bob Bobson
hedgehog,Germany,1.0,21.0,male,0.0,52.585937,13.146151,Bob Bobson,19.03.2024,Bob Bobson
hedgehog,Czech Republic,1.0,17.0,female,0.0,49.937696,14.182707,Bob Bobson,19.03.2024,John Johnson
red squirrel,Slovakia,0.33,18.0,male,0.0,48.184757,17.082936,Bob Bobson,19.03.2024,John Johnson
red squirrel,Slovakia,0.323,23.0,female,0.0,48.186767,17.089935,Bob Bobson,19.03.2024,John Johnson
hedgehog,Poland,0.4,16.0,female,0.0,52.214754,21.034364,Bob Bobson,20.03.2024,Anne Anthony
hedgehog,Poland,0.7,26.0,male,0.0,52.215034,21.03303,Bob Bobson,20.03.2024,Anne Anthony
red squirel,Poland,0.35,19.0,female,0.0,52.241637,21.05154,Bob Bobson,20.03.2024,Anne Anthony
red squirrel,Hungary,0.284,18.0,female,0.0,47.505786,18.943124,Bob Bobson,20.03.2024,Anne Anthony
hedgehog,Czech Republic,0.5,13.0,male,0.0,49.937455,14.180775,Bob Bobson,20.03.2024,John Johnson
hedgehog,Hungary,1.2,29.0,male,0.0,48.503795,20.555932,Bob Bobson,21.03.2024,Anne Anthony
hedgehog,Poland,1.2,25.0,male,0.0,52.214156,21.0325,Bob Bobson,21.03.2024,Anne Anthony
red squirrel,Poland,0.33,23.0,male,0.0,50.041479,19.951211,Bob Bobson,21.03.2024,Anne Anthony
red squirrel,Poland,0.3315,21.0,male,0.0,50.041154,19.949919,Bob Bobson,21.03.2024,Anne Anthony
red squirrel,Hungary,0.315,19.0,male,0.0,47.506414,18.941655,Bob Bobson,21.03.2024,Anne Anthony
hedgehog,Austria,0.8,24.0,male,0.0,47.781236,14.382219,Bob Bobson,21.03.2024,Bob Bobson
hedgehog,Australia,0.6,14.0,female,0.0,47.781248,14.382649,Bob Bobson,21.03.2024,Bob Bobson
hedgehog,DE,1.1,21.0,male,0.0,52.585628,13.149093,Bob Bobson,21.03.2024,Bob Bobson
hedgehog,Germany,1.1,22.0,female,0.0,52.58329,13.149155,Bob Bobson,21.03.2024,Bob Bobson
red squirrel,Germany,0.323,20.0,male,0.0,52.581896,13.151801,Bob Bobson,21.03.2024,Bob Bobson
red squirrel,DE,0.276,21.0,female,0.0,52.581885,13.152811,Bob Bobson,21.03.2024,Bob Bobson
red squirrel,Germany,0.339,21.0,male,0.0,52.587248,13.151499,Bob Bobson,21.03.2024,Bob Bobson
red squirrell,Germany,0.34,19.0,female,0.0,52.58237,13.146855,Bob Bobson,21.03.2024,Bob Bobson
hedgehog,Czech Republic,1.1,18.0,female,0.0,49.939474,14.180897,Bob Bobson,21.03.2024,John Johnson
red squirrel,Czech,0.335,20.0,male,0.0,49.938958,14.181258,Bob Bobson,21.03.2024,John Johnson
red squirrel,Slovakia,0.273,23.0,male,0.0,48.185898,17.090683,Bob Bobson,21.03.2024,John Johnson
red squirrel,Slovakia,0.33,19.0,male,0.0,48.186672,17.091508,Bob Bobson,21.03.2024,John Johnson
red squirrel,Slovakia,0.329,19.0,female,0.0,48.18685,17.091228,Bob Bobson,21.03.2024,John Johnson
hedgehog,Hungary,1.1,18.0,male,0.0,48.503062,20.551698,Bob Bobson,22.03.2024,Anne Anthony
red squirrel,DE,0.306,23.0,male,0.0,52.584352,13.148089,Bob Bobson,22.03.2024,Bob Bobson
red squirrel,Germany,0.334,19.0,male,0.0,52.587863,13.147785,Bob Bobson,22.03.2024,Bob Bobson
red squirrel,Germany,0.334,21.0,male,0.0,52.587734,13.151378,Bob Bobson,22.03.2024,Bob Bobson
red squirrel,Germany,0.329,19.0,female,0.0,52.582754,13.145364,Bob Bobson,22.03.2024,Bob Bobson
red squirrel,Germany,0.317,22.0,male,0.0,52.585517,13.150878,Bob Bobson,22.03.2024,Bob Bobson
red squirrel,Germany,0.267,21.0,female,0.0,52.588834,13.15192,Bob Bobson,22.03.2024,Bob Bobson
hedgehog,Czech Republic,0.6,21.0,female,0.0,49.939062,14.17875,Bob Bobson,22.03.2024,John Johnson
hedgehog,CZ,1.1,21.0,male,0.0,49.939165,14.182528,Bob Bobson,22.03.2024,John Johnson
hedgehog,Czech Republic,0.7,18.0,female,0.0,49.937562,14.181101,Bob Bobson,22.03.2024,John Johnson
hedgehog,Czech Republic,1.2,23.0,male,0.0,49.939201,14.178923,Bob Bobson,22.03.2024,John Johnson
hedgehog,HU,0.6,19.0,female,0.0,48.503498,20.539662,Bob Bobson,23.03.2024,Anne Anthony
hedgehog,Hungary,0.8,25.0,male,0.0,48.509298,20.551977,Bob Bobson,23.03.2024,Anne Anthony
hedgehog,Hungary,0.4,15.0,female,0.0,48.506206,20.565308,Bob Bobson,23.03.2024,Anne Anthony
hedgehog,Hungary,1.1,22.0,male,0.0,48.50509,20.539448,Bob Bobson,23.03.2024,Anne Anthony
hedgehog,Poland,0.8,20.0,female,0.0,52.215039,21.032591,Bob Bobson,23.03.2024,Anne Anthony
hedgehog,Poland,0.5,19.0,female,0.0,52.215085,21.034198,Bob Bobson,23.03.2024,Anne Anthony
red squirrel,Poland,0.348,20.0,female,0.0,50.04186,19.950192,Bob Bobson,23.03.2024,Anne Anthony
red squirrel,Hungary,0.301,18.0,male,0.0,47.51026,18.947838,Bob Bobson,23.03.2024,Anne Anthony
hedgehog,Czech Republic,0.7,20.0,female,0.0,49.937454,14.182121,Bob Bobson,23.03.2024,John Johnson
hedgehog,Czech Republic,1.0,21.0,female,0.0,49.937788,14.180368,Bob Bobson,23.03.2024,John Johnson
red squirrel,PL,0.286,20.0,female,0.0,50.04113,19.949698,Bob Bobson,24.03.2024,Anne Anthony
red squirrel,Poland,0.282,21.0,female,0.0,50.041522,19.950563,Zuzia,24.03.2024,Anne Anthony
hedgehog,Austria,0.8,18.0,male,0.0,47.781882,14.384802,Bob Bobson,24.03.2024,Bob Bobson
hedgehog,Austria,0.6,19.0,male,0.0,47.781019,14.385089,Bob Bobson,24.03.2024,Bob Bobson
hedgehog,Austria,0.5,20.0,male,0.0,47.319782,11.190836,Bob Bobson,24.03.2024,Bob Bobson
hedgehog,Austria,0.6,16.0,female,0.0,47.32002,11.18557,Bob Bobson,24.03.2024,Bob Bobson
hedgehog,Austria,0.6,20.0,male,0.0,47.318793,11.185855,Bob Bobson,24.03.2024,Bob Bobson
hedgehog,Austria,1.1,23.0,female,0.0,47.316963,11.188761,Bob Bobson,24.03.2024,Bob Bobson
hedgehog,DE,0.8,16.0,male,0.0,52.582072,13.149185,Bob Bobson,24.03.2024,Bob Bobson
hedgehog,Germany,1.2,23.0,male,0.0,52.58572,13.148613,Bob Bobson,24.03.2024,Bob Bobson
hedgehog,Germany,0.7,19.0,female,0.0,52.587827,13.148164,Bob Bobson,24.03.2024,Bob Bobson
hedgehog,Germany,1.2,22.0,male,0.0,52.587058,13.149675,Bob Bobson,24.03.2024,Bob Bobson
hedgehog,Germany,0.7,16.0,female,0.0,52.587539,13.146575,Bob Bobson,24.03.2024,Bob Bobson
hedgehog,Germany,0.6,25.0,male,0.0,52.587183,13.146661,Bob Bobson,24.03.2024,Bob Bobson
hedgehog,Germany,1.0,24.0,male,0.0,52.586487,13.150015,Bob Bobson,24.03.2024,Bob Bobson
red squirrel,Germany,0.313,23.0,female,0.0,52.588779,13.147948,Bob Bobson,24.03.2024,Bob Bobson
red squirrel,Germany,0.268,21.0,male,0.0,52.587089,13.151807,Bob Bobson,24.03.2024,Bob Bobson
red squirrel,Austria,0.323,21.0,male,0.0,47.781847,14.386835,Bob Bobson,24.03.2024,Bob Bobson
red squirrel,Austria,0.272,20.0,female,0.0,47.781296,14.383799,Bob Bobson,24.03.2024,Bob Bobson
red squirrel,Austria,0.34,20.0,male,0.0,47.781538,14.384561,Bob Bobson,24.03.2024,Bob Bobson
red squirrel,Austria,0.332,18.0,female,0.0,47.781345,14.382936,Bob Bobson,24.03.2024,Bob Bobson
red squirrell,Germany,0.286,19.0,female,0.0,52.582658,13.148057,Bob Bobson,24.03.2024,Bob Bobson
hedgehog,Czech Republic,0.8,18.0,male,0.0,49.938688,14.179603,Bob Bobson,24.03.2024,John Johnson
red squirrel,Czech Republic,0.336,22.0,female,0.0,49.939212,14.180839,Bob Bobson,24.03.2024,John Johnson
red squirrel,Slovakia,0.2,14.0,female,0.0,48.186611,17.090271,Bob Bobson,24.03.2024,John Johnson
hedgehog,Poland,0.9,22.0,female,0.0,52.214494,21.033154,Bob Bobson,25.03.2024,Anne Anthony
hedgehog,Poland,1.0,21.0,male,0.0,52.214419,21.033441,Bob Bobson,25.03.2024,Anne Anthony
red squirrel,Czech Republic,0.336,23.0,male,0.0,49.939262,14.179613,Bob Bobson,25.03.2024,John Johnson
red squirrel,Slovakia,0.254,18.0,male,0.0,48.239854,17.086693,Bob Bobson,25.03.2024,John Johnson
red squirrel,Slovakia,0.294,23.0,male,0.0,48.22668,17.081529,Bob Bobson,25.03.2024,John Johnson
red squirrel,Slovakia,0.265,22.0,female,0.0,48.23862,17.074393,Bob Bobson,25.03.2024,John Johnson
red squirrel,Poland,0.31,24.0,male,0.0,50.041235,19.951284,Bob Bobson,26.03.2024,Anne Anthony
red squirrel,Hungary,-0.251,20.0,female,0.0,47.508618,18.944915,Bob Bobson,26.03.2024,Anne Anthony
hedgehog,Czech Republic,0.7,16.0,male,0.0,49.93915,14.179388,Bob Bobson,26.03.2024,John Johnson
hedgehog,Czech Republic,0.6,17.0,female,0.0,49.938346,14.18024,Bob Bobson,26.03.2024,John Johnson
hedgehog,Poland,1.1,20.0,female,0.0,52.214766,21.030532,Bob Bobson,27.03.2024,Anne Anthony
red squirrel,Poland,0.336,19.0,male,0.0,50.041489,19.950768,Lolek,27.03.2024,Anne Anthony
hedgehog,Germany,0.7,23.0,female,0.0,52.587532,13.152361,Bob Bobson,27.03.2024,Bob Bobson
hedgehog,DE,0.7,17.0,male,0.0,48.161584,11.494938,Bob Bobson,27.03.2024,Bob Bobson
hedgehog,Germany,0.9,18.0,female,0.0,48.160459,11.493142,Bob Bobson,27.03.2024,Bob Bobson
hedgehog,Germany,0.5,20.0,male,0.0,48.160834,11.489874,Bob Bobson,27.03.2024,Bob Bobson
hedgehog,Czech Republic,0.5,16.0,male,0.0,49.938845,14.182246,Bob Bobson,27.03.2024,John Johnson
hedgehog,Czech Republic,0.8,17.0,female,0.0,49.938959,14.180078,Bob Bobson,27.03.2024,John Johnson
red squirrel,CZ,0.277,22.0,male,0.0,49.939097,14.179435,Bob Bobson,27.03.2024,John Johnson
red squirrel,Slovakia,0.321,18.0,female,0.0,48.226708,17.087853,Bob Bobson,27.03.2024,John Johnson
red squirrell,Czech Republic,0.271,19.0,female,0.0,49.938523,14.18244,Bob Bobson,27.03.2024,John Johnson
red squirrel,Poland,0.328,23.0,female,0.0,50.041504,19.950218,Bob Bobson,28.03.2024,Anne Anthony
red squirrel,Poland,0.278,23.0,female,0.0,50.041119,19.94973,Bob Bobson,28.03.2024,Anne Anthony
hedgehog,Czech Republic,0.6,18.0,female,0.0,49.937805,14.179716,Bob Bobson,28.03.2024,John Johnson
hedgehog,Czech Republic,0.7,15.0,female,0.0,49.93933,14.177877,Bob Bobson,28.03.2024,John Johnson
red squirrel,Hungary,0.273,23.0,female,0.0,47.507157,18.940379,Bob Bobson,29.03.2024,Anne Anthony
red squirrel,Austria,0.336,20.0,female,0.0,47.780752,14.383452,Bibi,29.03.2024,Bob Bobson
red squirrel,Austria,0.29,19.0,male,0.0,47.781078,14.384559,Bob Bobson,29.03.2024,Bob Bobson
red squirrell,Austria,0.337,22.0,male,0.0,47.781088,14.385534,Bob Bobson,29.03.2024,Bob Bobson
hedgehog,Slovakia,0.7,16.0,male,0.0,48.409138,18.863577,Bob Bobson,29.03.2024,John Johnson
red squirrel,Poland,0.289,24.0,male,0.0,50.041382,19.949403,Bob Bobson,30.03.2024,Anne Anthony
hedgehog,Germany,1.1,25.0,male,0.0,48.160773,11.49368,Bob Bobson,30.03.2024,Bob Bobson
hedgehog,Germany,0.6,15.0,female,0.0,48.160813,11.492539,Bob Bobson,30.03.2024,Bob Bobson
hedgehog,Germany,0.5,20.0,female,0.0,48.161605,11.49115,Bob Bobson,30.03.2024,Bob Bobson
hedgehog,Germany,0.7,20.0,male,0.0,48.162593,11.491872,Bob Bobson,30.03.2024,Bob Bobson
hedgehog,Germany,0.6,15.0,female,0.0,48.16142,11.495056,Bob Bobson,30.03.2024,Bob Bobson
hedgehog,Germany,0.5,16.0,female,0.0,48.162549,11.492991,Bob Bobson,30.03.2024,Bob Bobson
hedgehog,Germany,0.9,19.0,male,0.0,48.161646,11.493511,Bob Bobson,30.03.2024,Bob Bobson
red squirrel,Czech Republic,0.288,18.0,male,0.0,49.939,14.182239,Bob Bobson,30.03.2024,John Johnson
red squirrel,Slovakia,0.287,21.0,male,0.0,48.224897,17.085979,Bob Bobson,30.03.2024,John Johnson
red squirrel,Slovakia,0.286,18.0,male,0.0,48.228961,17.076478,Bob Bobson,30.03.2024,John Johnson
red squirrel,Poland,0.323,20.0,female,0.0,50.041366,19.949444,Bob Bobson,31.03.2024,Anne Anthony
red squirrel,Hungary,-0.25,19.0,female,0.0,47.509538,18.945968,Bob Bobson,31.03.2024,Anne Anthony
hedgehog,Slovakia,0.9,19.0,female,0.0,48.407464,18.87406,Bob Bobson,31.03.2024,John Johnson
red squirrel,Poland,0.323,19.0,female,0.0,50.041804,19.951361,Bob Bobson,01.04.2024,Anne Anthony
red squirrel,Hungary,0.337,18.0,female,0.0,47.511558,18.942454,Bob Bobson,01.04.2024,Anne Anthony
hedgehog,Slovakia,1.1,22.0,male,0.0,48.409754,18.870477,Bob Bobson,01.04.2024,John Johnson
red squirrel,Czech Republic,0.283,22.0,female,0.0,49.939191,14.180256,Bob Bobson,01.04.2024,John Johnson
red squirrel,Slovakia,0.26,22.0,female,0.0,48.23123,17.090253,Bob Bobson,01.04.2024,John Johnson
hedgehog,Hungary,0.6,20.0,female,0.0,48.504425,20.548744,Bob Bobson,02.04.2024,Anne Anthony
red squirrel,Poland,0.294,19.0,male,0.0,50.041131,19.949543,Bob Bobson,02.04.2024,Anne Anthony
red squirrel,Poland,0.3315,21.0,male,0.0,50.041552,19.949984,Bob Bobson,02.04.2024,Anne Anthony
red squirrel,Poland,0.312,23.0,female,0.0,50.041945,19.94932,Lola,02.04.2024,Anne Anthony
red squirrel,Poland,0.29,24.0,male,0.0,50.041925,19.950894,Bob Bobson,02.04.2024,Anne Anthony
red squirrel,Hungary,0.258,21.0,female,0.0,47.511582,18.942341,Bob Bobson,02.04.2024,Anne Anthony
hedgehog,Austria,0.8,15.0,female,0.0,47.319091,11.188058,Bob Bobson,02.04.2024,Bob Bobson
hedgehog,Germany,0.8,18.0,male,0.0,48.161892,11.493888,Bob Bobson,02.04.2024,Bob Bobson
hedgehog,Germany,0.6,15.0,female,0.0,48.161218,11.494677,Bob Bobson,02.04.2024,Bob Bobson
hedgehog,Germany,0.8,23.0,male,0.0,48.161452,11.495239,Bob Bobson,02.04.2024,Bob Bobson
hedgehog,Germany,0.6,16.0,female,0.0,48.160915,11.489927,Bob Bobson,02.04.2024,Bob Bobson
hedgehog,Germany,0.7,19.0,male,0.0,48.162169,11.495473,Bob Bobson,02.04.2024,Bob Bobson
hedgehog,Germany,1.0,25.0,female,0.0,49.54629,11.085729,Bob Bobson,02.04.2024,Bob Bobson
hedgehog,Germany,1.1,23.0,male,0.0,49.559558,11.08115,Bob Bobson,02.04.2024,Bob Bobson
red squirrel,Austria,0.273,19.0,female,0.0,47.781613,14.385153,Bob Bobson,02.04.2024,Bob Bobson
red squirrel,Austria,0.33,18.0,female,0.0,47.781637,14.385383,Bob Bobson,02.04.2024,Bob Bobson
red squirrel,Austria,0.262,18.0,female,0.0,47.781838,14.382938,Bob Bobson,02.04.2024,Bob Bobson
red squirrel,Austria,0.31,19.0,female,0.0,47.780925,14.383695,Bob Bobson,02.04.2024,Bob Bobson
red squirrel,Austria,0.334,21.0,female,0.0,47.781449,14.383421,Bob Bobson,02.04.2024,Bob Bobson
red squirrel,Austria,0.27,20.0,female,0.0,47.7818,14.383699,Bob Bobson,02.04.2024,Bob Bobson
red squirrel,Austria,0.277,18.0,male,0.0,47.781073,14.383506,Bob Bobson,02.04.2024,Bob Bobson
red squirrel,Germany,0.258,19.0,male,0.0,48.162251,11.494811,Bob Bobson,02.04.2024,Bob Bobson
red squirrel,Germany,0.256,16.0,female,0.0,48.160432,11.494472,Bob Bobson,02.04.2024,Bob Bobson
red squirrel,Germany,0.317,21.0,female,0.0,48.162563,11.495277,Bob Bobson,02.04.2024,Bob Bobson
red squirrel,Germany,0.266,18.0,female,0.0,48.161906,11.490434,Bob Bobson,02.04.2024,Bob Bobson
red squirrel,Germany,0.283,21.0,male,0.0,49.562324,11.092212,Bob Bobson,02.04.2024,Bob Bobson
red squirrel,Germany,0.305,18.0,female,0.0,49.561973,11.086554,Bob Bobson,02.04.2024,Bob Bobson
red squirrell,Austria,0.282,18.0,male,0.0,47.781755,14.385083,Bob Bobson,02.04.2024,Bob Bobson
red squirrell,Germany,0.318,18.0,male,0.0,49.557527,11.089447,Bob Bobson,02.04.2024,Bob Bobson
red squirrel,Slovakia,0.339,20.0,male,0.0,48.410771,18.865888,Bob Bobson,02.04.2024,John Johnson
red squirrel,Slovakia,0.302,19.0,male,0.0,48.410201,18.862513,Bob Bobson,02.04.2024,John Johnson
red squirrel,Slovakia,0.276,19.0,male,0.0,48.408111,18.865646,Bob Bobson,02.04.2024,John Johnson
red squirrel,Slovakia,0.252,19.0,female,0.0,48.410932,18.861704,Bob Bobson,02.04.2024,John Johnson
red squirrel,Slovakia,0.293,19.0,male,0.0,48.227614,17.072903,Bob Bobson,02.04.2024,John Johnson
red squirrel,Hungary,0.286,18.0,male,0.0,47.50826,18.948349,Bob Bobson,03.04.2024,Anne Anthony
hedgehog,Germany,1.2,22.0,male,0.0,49.551211,11.077661,Bob Bobson,03.04.2024,Bob Bobson
hedgehog,Germany,0.9,23.0,female,0.0,49.562583,11.082312,Bob Bobson,03.04.2024,Bob Bobson
hedgehog,Germany,0.7,23.0,female,0.0,49.547597,11.079679,Bob Bobson,03.04.2024,Bob Bobson
red squirrel,Poland,0.3315,21.0,male,0.0,49.560723,18.944015,Bob Bobson,03.04.2024,James Johnson
hedgehog,Slovakia,1.2,26.0,male,0.0,48.40912,18.869274,Bob Bobson,03.04.2024,John Johnson
red squirrel,Czech Republic,0.258,21.0,female,0.0,49.938787,14.178284,Bob Bobson,03.04.2024,John Johnson
hedgehog,Hungary,0.7,23.0,female,0.0,47.508516,18.949429,Bob Bobson,04.04.2024,Anne Anthony
hedgehog,Hungary,1.2,24.0,male,0.0,47.508941,18.948915,Bob Bobson,04.04.2024,Anne Anthony
red squirrel,Poland,0.337,22.0,female,0.0,50.041819,19.951542,Bob Bobson,04.04.2024,Anne Anthony
red squirrel,Poland,0.272,23.0,female,0.0,50.0418,19.950244,Bob Bobson,04.04.2024,Anne Anthony
red squirrel,Hungary,0.262,22.0,male,0.0,47.508905,18.94657,Bob Bobson,04.04.2024,Anne Anthony
hedgehog,Hungary,0.8,17.0,female,0.0,47.507073,18.947873,Bob Bobson,05.04.2024,Anne Anthony
hedgehog,Austria,0.9,22.0,female,0.0,47.31758,11.187606,Bob Bobson,05.04.2024,Bob Bobson
hedgehog,Austria,0.8,16.0,male,0.0,47.31947,11.18573,Bob Bobson,05.04.2024,Bob Bobson
hedgehog,Austria,0.7,18.0,male,0.0,47.319812,11.18479,Bob Bobson,05.04.2024,Bob Bobson
hedgehog,Austria,0.8,20.0,female,0.0,47.316383,11.188381,Bob Bobson,05.04.2024,Bob Bobson
red squirrel,Austria,0.299,20.0,female,0.0,47.781131,14.382207,Bob Bobson,05.04.2024,Bob Bobson
red squirrel,Australia,0.266,20.0,female,0.0,47.781632,14.382365,Bob Bobson,05.04.2024,Bob Bobson
red squirrel,Austria,0.308,18.0,male,0.0,47.780904,14.385669,Bob Bobson,05.04.2024,Bob Bobson
red squirrel,Austria,0.264,22.0,male,0.0,47.781089,14.385211,Bob Bobson,05.04.2024,Bob Bobson
red squirrel,Austria,0.322,20.0,male,0.0,47.781333,14.382547,Bob Bobson,05.04.2024,Bob Bobson
red squirrel,Austria,0.332,18.0,female,0.0,47.780927,14.382188,Bob Bobson,05.04.2024,Bob Bobson
red squirrel,Austria,0.253,21.0,male,0.0,47.856032,15.076768,Bob Bobson,05.04.2024,Bob Bobson
red squirrel,Germany,0.317,20.0,female,0.0,49.545913,11.081051,Bob Bobson,05.04.2024,Bob Bobson
red squirrel,Germany,0.327,20.0,male,0.0,49.550428,11.077659,Bob Bobson,05.04.2024,Bob Bobson
red squirrel,Germany,0.255,19.0,female,0.0,49.558869,11.076638,Bob Bobson,05.04.2024,Bob Bobson
hedgehog,Slovakia,0.8,21.0,female,0.0,48.412408,18.869074,Bob Bobson,05.04.2024,John Johnson
red squirrel,Slovakia,0.3,19.0,female,0.0,48.229837,17.089218,Bob Bobson,05.04.2024,John Johnson
hedgehog,HU,0.7,16.0,female,0.0,47.510231,18.940042,Bob Bobson,06.04.2024,Anne Anthony
hedgehog,Hungary,0.8,14.0,female,0.0,47.509073,18.946838,Bob Bobson,06.04.2024,Anne Anthony
red squirrel,Poland,0.348,23.0,male,0.0,50.041252,19.950033,Bob Bobson,06.04.2024,Anne Anthony
red squirrel,Austria,0.294,22.0,male,0.0,47.855007,15.076539,Bob Bobson,06.04.2024,Bob Bobson
red squirrel,Germany,0.299,19.0,male,0.0,49.560723,18.944015,Bob Bobson,06.04.2024,Bob Bobson
red squirrel,Germany,0.314,19.0,female,0.0,49.560723,18.944015,Bob Bobson,06.04.2024,Bob Bobson
red squirrel,Germany,0.297,20.0,male,0.0,49.560723,18.944015,Bob Bobson,06.04.2024,Bob Bobson
red squirrel,Germany,0.298,21.0,male,0.0,49.560723,18.944015,Bob Bobson,06.04.2024,Bob Bobson
red squirrel,Germany,0.301,19.0,male,0.0,49.560723,18.944015,Bob Bobson,06.04.2024,Bob Bobson
red squirrel,Germany,0.267,20.0,female,0.0,49.560723,18.944015,Bob Bobson,06.04.2024,Bob Bobson
red squirrel,Germany,0.315,21.0,male,0.0,49.560723,18.944015,Bob Bobson,06.04.2024,Bob Bobson
red squirrel,Germany,0.3,21.0,female,0.0,49.560723,18.944015,Bob Bobson,06.04.2024,Bob Bobson
red squirrel,Germany,0.3,21.0,male,0.0,49.560723,18.944015,Bob Bobson,06.04.2024,Bob Bobson
red squirrel,Germany,0.264,22.0,female,0.0,49.560723,18.944015,Bob Bobson,06.04.2024,Bob Bobson
red squirrel,Germany,0.251,21.0,male,0.0,49.560723,18.944015,Bob Bobson,06.04.2024,Bob Bobson
red squirrel,Germany,0.302,22.0,female,0.0,49.560723,18.944015,Bob Bobson,06.04.2024,Bob Bobson
red squirrel,Germany,0.262,22.0,female,0.0,49.560723,18.944015,Bob Bobson,06.04.2024,Bob Bobson
red squirrel,Germany,0.301,20.0,male,0.0,49.560723,18.944015,Bob Bobson,06.04.2024,Bob Bobson
red squirrel,Germany,0.243,19.0,male,0.0,49.560723,18.944015,Bob Bobson,06.04.2024,Bob Bobson
red squirrel,Germany,0.314,20.0,male,0.0,49.560723,18.944015,Bob Bobson,06.04.2024,Bob Bobson
red squirrel,Germany,0.244,20.0,male,0.0,49.560723,18.944015,Bob Bobson,06.04.2024,Bob Bobson
red squirrel,Germany,0.25,22.0,male,0.0,49.560723,18.944015,Bob Bobson,06.04.2024,Bob Bobson
red squirrel,Germany,0.272,20.0,male,0.0,49.560723,18.944015,Bob Bobson,06.04.2024,Bob Bobson
red squirrel,Germany,0.289,20.0,male,0.0,49.560723,18.944015,Bob Bobson,06.04.2024,Bob Bobson
red squirrel,Germany,0.315,20.0,male,0.0,49.560723,18.944015,Bob Bobson,06.04.2024,Bob Bobson
red squirrel,Germany,0.304,21.0,male,0.0,49.560723,18.944015,Bob Bobson,06.04.2024,Bob Bobson
red squirrel,Germany,0.241,19.0,male,0.0,49.560723,18.944015,Bob Bobson,06.04.2024,Bob Bobson
red squirrel,Germany,0.248,22.0,male,0.0,49.560723,18.944015,Bob Bobson,06.04.2024,Bob Bobson
red squirrel,Germany,0.29,21.0,male,0.0,49.560723,18.944015,Bob Bobson,06.04.2024,Bob Bobson
red squirrel,Austria,0.319,20.0,male,0.0,49.560723,18.944015,Bob Bobson,06.04.2024,Bob Bobson
red squirrel,Austria,0.292,19.0,female,0.0,49.560723,18.944015,Bob Bobson,06.04.2024,Bob Bobson
red squirrel,Austria,0.319,19.0,female,0.0,49.560723,18.944015,Bob Bobson,06.04.2024,Bob Bobson
red squirrel,Austria,0.298,20.0,male,0.0,49.560723,18.944015,Bob Bobson,06.04.2024,Bob Bobson
red squirrel,Austria,0.255,22.0,male,0.0,49.560723,18.944015,Bob Bobson,06.04.2024,Bob Bobson
red squirrel,Austria,0.3,20.0,male,0.0,49.560723,18.944015,Bob Bobson,06.04.2024,Bob Bobson
red squirrel,Austria,0.252,21.0,male,0.0,49.560723,18.944015,Bob Bobson,06.04.2024,Bob Bobson
hedgehog,Slovakia,0.8,17.0,male,0.0,48.409645,18.872415,Bob Bobson,06.04.2024,John Johnson
red squirrel,Czech Republic,0.316,23.0,female,0.0,49.93931,14.181266,Bob Bobson,06.04.2024,John Johnson
red squirrel,Czech Republic,0.327,21.0,male,0.0,49.938616,14.181291,Bob Bobson,06.04.2024,John Johnson
red squirrel,Czech Republic,0.288,18.0,male,0.0,49.937839,14.179075,Bob Bobson,06.04.2024,John Johnson
red squirrel,Czech Republic,0.313,22.0,female,0.0,49.939308,14.180747,Bob Bobson,06.04.2024,John Johnson
hedgehog,Hungary,0.9,16.0,female,0.0,47.506638,18.940091,Bob Bobson,07.04.2024,Anne Anthony
red squirrel,Hungary,0.319,18.0,male,0.0,47.508665,18.940456,Bob Bobson,07.04.2024,Anne Anthony
red squirrell,Hungary,0.28,21.0,female,0.0,47.510978,18.942963,Bob Bobson,07.04.2024,Anne Anthony
red squirrel,Austria,0.264,22.0,female,0.0,47.857586,15.081328,Bob Bobson,07.04.2024,Bob Bobson
red squirrel,Austria,0.334,19.0,male,0.0,47.856971,15.078984,Bob Bobson,07.04.2024,Bob Bobson
red squirrel,Austria,0.278,21.0,male,0.0,47.856769,15.076411,Bob Bobson,07.04.2024,Bob Bobson
red squirrel,Austria,0.333,22.0,female,0.0,47.855379,15.077237,Lola,07.04.2024,Bob Bobson
red squirrel,Austria,0.323,23.0,male,0.0,47.856015,15.08325,Bob Bobson,07.04.2024,Bob Bobson
hedgehog,Slovakia,1.1,16.0,female,0.0,48.413154,18.875356,Bob Bobson,07.04.2024,John Johnson
red squirrel,PL,0.265,22.0,female,0.0,50.041147,19.95046,Bob Bobson,08.04.2024,Anne Anthony
red squirrel,Austria,0.27,23.0,female,0.0,47.853881,15.078367,Bob Bobson,08.04.2024,Bob Bobson
red squirrel,Austria,0.299,19.0,female,0.0,47.854855,15.082168,Sissi,08.04.2024,Bob Bobson
red squirrel,Austria,0.3,21.0,male,0.0,47.855216,15.078877,Bob Bobson,08.04.2024,Bob Bobson
red squirrel,Austria,0.338,19.0,male,0.0,47.857495,15.07895,Bob Bobson,08.04.2024,Bob Bobson
red squirrel,Austria,0.285,21.0,female,0.0,47.853875,15.078745,Bob Bobson,08.04.2024,Bob Bobson
red squirrel,Austria,0.333,19.0,female,0.0,47.854756,15.082892,Sissi,08.04.2024,Bob Bobson
red squirrel,Austria,0.323,23.0,male,0.0,47.854099,15.076812,Bob Bobson,08.04.2024,Bob Bobson
hedgehog,Slovakia,1.1,25.0,male,0.0,48.41259,18.87302,Bob Bobson,08.04.2024,John Johnson
red squirrel,Slovakia,-0.252,21.0,male,0.0,49.057599,22.422203,Bob Bobson,08.04.2024,John Johnson
red squirrel,Slovakia,0.26,18.0,male,0.0,49.053175,22.414666,Bob Bobson,08.04.2024,John Johnson
red squirrel,Slovakia,0.329,20.0,male,0.0,49.054663,22.412082,Bob Bobson,08.04.2024,John Johnson
red squirrel,Slovakia,0.33,21.0,female,0.0,49.055275,22.41421,Bob Bobson,08.04.2024,John Johnson
red squirrel,Slovakia,0.271,23.0,male,0.0,49.052914,22.42299,Bob Bobson,08.04.2024,John Johnson
red squirrel,Slovakia,0.298,18.0,female,0.0,49.055453,22.423536,Bob Bobson,08.04.2024,John Johnson
red squirrel,Slovakia,0.281,23.0,male,0.0,49.056583,22.415432,Bob Bobson,08.04.2024,John Johnson
red squirrel,Slovakia,0.316,22.0,female,0.0,49.054586,22.41368,Bob Bobson,08.04.2024,John Johnson
red squirrel,Slovakia,0.265,18.0,male,0.0,49.056946,22.424916,Bob Bobson,08.04.2024,John Johnson
red squirrel,Poland,0.296,22.0,male,0.0,50.041497,19.950657,Bob Bobson,09.04.2024,Anne Anthony
red squirrel,Hungary,0.257,20.0,female,0.0,47.509375,18.939808,Bob Bobson,09.04.2024,Anne Anthony
red squirrel,Czech Republic,0.313,21.0,male,0.0,49.937425,14.182723,Bob Bobson,09.04.2024,John Johnson
red squirrel,Czech Republic,0.282,19.0,female,0.0,49.939072,14.180063,Bob Bobson,09.04.2024,John Johnson
hedgehog,Slovakia,1.2,26.0,male,0.0,48.409469,18.861715,Bob Bobson,10.04.2024,John Johnson
red squirrel,Czech Republic,0.257,21.0,male,0.0,50.107147,14.347009,Bob Bobson,10.04.2024,John Johnson
hedgehog,Hungary,0.8,17.0,female,0.0,47.507081,18.939062,Bob Bobson,11.04.2024,Anne Anthony
red squirrel,Poland,0.325,20.0,female,0.0,50.041347,19.950773,Bob Bobson,11.04.2024,Anne Anthony
red squirrel,Hungary,0.275,21.0,female,0.0,47.506071,18.949311,Bob Bobson,11.04.2024,Anne Anthony
red squirrel,Hungary,0.285,20.0,male,0.0,47.509655,18.943576,Bob Bobson,11.04.2024,Anne Anthony
red squirrel,Australia,0.31,23.0,male,0.0,47.856092,15.083547,Bob Bobson,11.04.2024,Bob Bobson
red squirrel,Austria,0.256,19.0,male,0.0,47.854876,15.08295,Bob Bobson,11.04.2024,Bob Bobson
red squirrel,Austria,0.285,23.0,male,0.0,47.857535,15.078083,Bob Bobson,11.04.2024,Bob Bobson
red squirrel,Germany,0.303,19.0,female,0.0,48.162437,11.494298,Bob Bobson,11.04.2024,Bob Bobson
red squirrel,Germany,0.273,19.0,male,0.0,48.161106,11.48991,Bob Bobson,11.04.2024,Bob Bobson
red squirrel,Germany,0.267,22.0,female,0.0,48.161385,11.492571,Bob Bobson,11.04.2024,Bob Bobson
red squirrel,Germany,0.258,20.0,female,0.0,48.162137,11.494415,Bob Bobson,11.04.2024,Bob Bobson
red squirrel,Germany,0.296,18.0,male,0.0,48.162162,11.493917,Bob Bobson,11.04.2024,Bob Bobson
red squirrel,Czech Republic,0.308,22.0,female,0.0,50.106721,14.346231,Bob Bobson,11.04.2024,John Johnson
red squirrel,Germany,0.302,18.0,female,0.0,48.160992,11.495374,Bob Bobson,12.04.2024,Bob Bobson
hedgehog,Slovakia,1.0,20.0,female,0.0,48.408713,18.863829,Bob Bobson,12.04.2024,John Johnson
red squirrel,Czech Republic,0.325,21.0,female,0.0,50.106483,14.348192,Bob Bobson,12.04.2024,John Johnson
hedgehog,HU,1.2,23.0,male,0.0,47.511267,18.940191,Bob Bobson,13.04.2024,Anne Anthony
red squirrel,Poland,0.264,20.0,male,0.0,50.041366,19.949936,Bob Bobson,13.04.2024,Anne Anthony
red squirrel,Poland,0.3315,21.0,male,0.0,50.041573,19.94985,Bob Bobson,13.04.2024,Anne Anthony
red squirrel,Poland,0.32,23.0,female,0.0,50.041554,19.95113,Bob Bobson,13.04.2024,Anne Anthony
red squirrel,Poland,0.298,23.0,male,0.0,52.211967,21.032924,Bob Bobson,13.04.2024,Anne Anthony
hedgehog,Slovakia,0.8,23.0,male,0.0,48.412843,18.872614,Bob Bobson,13.04.2024,John Johnson
hedgehog,Slovakia,0.8,16.0,male,0.0,48.407138,18.867247,Bob Bobson,13.04.2024,John Johnson
hedgehog,Hungary,0.4,17.0,female,0.0,47.509261,18.949967,Bob Bobson,14.04.2024,Anne Anthony
red squirrel,Hungary,0.297,18.0,male,0.0,47.506306,18.946099,Bob Bobson,14.04.2024,Anne Anthony
red squirrel,Hungary,0.308,20.0,female,0.0,47.510068,18.947176,Bob Bobson,14.04.2024,Anne Anthony
red squirrel,Hungary,0.268,19.0,male,0.0,47.51106,18.939832,Bob Bobson,14.04.2024,Anne Anthony
red squirrel,Germany,0.259,22.0,male,0.0,48.160831,11.492403,Bob Bobson,14.04.2024,Bob Bobson
hedgehog,Hungary,0.7,15.0,male,0.0,47.511427,18.948714,Bob Bobson,15.04.2024,Anne Anthony
red squirrel,Poland,0.278,21.0,female,0.0,52.211888,21.03235,Bob Bobson,15.04.2024,Anne Anthony
red squirrel,Germany,0.339,19.0,female,0.0,48.161422,11.491813,Bob Bobson,15.04.2024,Bob Bobson
red squirrel,Germany,0.307,22.0,male,0.0,48.16079,11.489549,Bob Bobson,15.04.2024,Bob Bobson
red squirrel,Germany,0.256,20.0,female,0.0,48.161009,11.491557,Bob Bobson,15.04.2024,Bob Bobson
red squirrel,Germany,0.29,20.0,male,0.0,48.160807,11.494219,Bob Bobson,15.04.2024,Bob Bobson
red squirrel,Germany,0.323,18.0,female,0.0,48.161794,11.494325,Bob Bobson,15.04.2024,Bob Bobson
red squirrel,Germany,0.293,21.0,male,0.0,48.161069,11.49303,Bob Bobson,15.04.2024,Bob Bobson
red squirrel,Germany,0.326,18.0,female,0.0,48.16087,11.49027,Bob Bobson,15.04.2024,Bob Bobson
red squirrel,Germany,0.266,21.0,female,0.0,48.16056,11.490806,Bob Bobson,15.04.2024,Bob Bobson
hedgehog,Slovakia,0.5,18.0,female,0.0,48.409909,18.867006,Bob Bobson,15.04.2024,John Johnson
red squirrel,Czech Republic,0.317,19.0,male,0.0,50.106373,14.347574,Bob Bobson,15.04.2024,John Johnson
hedgehog,Hungary,0.5,19.0,female,0.0,47.50643,18.947912,Bob Bobson,16.04.2024,Anne Anthony
hedgehog,Hungary,0.6,15.0,male,0.0,47.506663,18.94032,Bob Bobson,16.04.2024,Anne Anthony
red squirrel,Hungary,0.254,20.0,female,0.0,47.508169,18.947418,Bob Bobson,16.04.2024,Anne Anthony
red squirrel,Germany,0.313,19.0,male,0.0,48.161902,11.49458,Bob Bobson,16.04.2024,Bob Bobson
red squirrel,Germany,0.2,14.0,male,0.0,49.554765,11.0922,Bob Bobson,16.04.2024,Bob Bobson
red squirrel,Germany,0.278,18.0,female,0.0,49.558466,11.096048,Bob Bobson,16.04.2024,Bob Bobson
hedgehog,Slovakia,0.6,25.0,male,0.0,48.407605,18.876341,Bob Bobson,16.04.2024,John Johnson
red squirrel,Poland,0.298,19.0,female,0.0,52.212379,21.032913,Bob Bobson,17.04.2024,Anne Anthony
hedgehog,Germany,0.7,21.0,male,0.0,49.556052,11.081501,Bob Bobson,17.04.2024,Bob Bobson
hedgehog,Germany,1.2,28.0,male,0.0,49.55152,11.079537,Bob Bobson,17.04.2024,Bob Bobson
hedgehog,Germany,0.5,18.0,female,0.0,49.553737,11.087705,Bob Bobson,17.04.2024,Bob Bobson
hedgehog,Germany,1.0,20.0,male,0.0,49.560442,11.098395,Bob Bobson,17.04.2024,Bob Bobson
hedgehog,Germany,0.9,25.0,male,0.0,49.560723,11.084667,Bob Bobson,17.04.2024,Bob Bobson
hedgehog,Germany,0.4,16.0,female,0.0,49.55879,11.081218,Bob Bobson,17.04.2024,Bob Bobson
red squirrel,Germany,0.294,20.0,male,0.0,49.545857,11.076254,Bob Bobson,17.04.2024,Bob Bobson
red squirrel,Germany,0.3,23.0,female,0.0,49.554685,11.08345,Bob Bobson,17.04.2024,Bob Bobson
hedgehog,Slovakia,1.1,23.0,male,0.0,48.186112,17.090491,Bob Bobson,17.04.2024,John Johnson
red squirrel,Czech Republic,0.283,22.0,female,0.0,50.106413,14.348204,Bob Bobson,17.04.2024,John Johnson
red squirrel,Czech Republic,0.28,22.0,female,0.0,50.107135,14.348206,Bob Bobson,17.04.2024,John Johnson
hedgehog,Germany,1.0,24.0,male,0.0,49.561057,11.084334,Bob Bobson,18.04.2024,Bob Bobson
hedgehog,Germany,0.7,25.0,male,0.0,49.554133,11.089674,Bob Bobson,18.04.2024,Bob Bobson
hedgehog,Germany,0.6,22.0,female,0.0,49.561174,11.102216,Bob Bobson,18.04.2024,Bob Bobson
hedgehog,Germany,0.5,20.0,male,0.0,49.563085,11.101392,Bob Bobson,18.04.2024,Bob Bobson
hedgehog,Germany,0.9,25.0,male,0.0,49.551318,11.085475,Bob Bobson,18.04.2024,Bob Bobson
hedgehog,Germany,0.5,16.0,female,0.0,49.556237,11.088639,Bob Bobson,18.04.2024,Bob Bobson
hedgehog,Germany,0.8,17.0,male,0.0,49.545768,11.086386,Bob Bobson,18.04.2024,Bob Bobson
red squirrel,Czech Republic,0.326,23.0,male,0.0,50.107313,14.348552,Bob Bobson,18.04.2024,John Johnson
red squirrel,Poland,0.341,23.0,male,0.0,52.212042,21.033492,Bob Bobson,19.04.2024,Anne Anthony
hedgehog,Austria,0.6,17.0,female,0.0,47.319579,11.186061,Bob Bobson,19.04.2024,Bob Bobson
hedgehog,Austria,0.9,25.0,male,0.0,47.317974,11.187472,Bob Bobson,19.04.2024,Bob Bobson
hedgehog,Austria,1.1,22.0,male,0.0,47.316562,11.19116,Bob Bobson,19.04.2024,Bob Bobson
hedgehog,Austria,1.2,24.0,male,0.0,47.318191,11.189484,Bob Bobson,19.04.2024,Bob Bobson
hedgehog,Slovakia,1.1,19.0,female,0.0,48.187522,17.087251,Bob Bobson,19.04.2024,John Johnson
hedgehog,Slovakia,1.1,29.0,male,0.0,48.185406,17.084535,Bob Bobson,19.04.2024,John Johnson
red squirrel,Poland,0.327,23.0,male,0.0,52.212168,21.032304,Bob Bobson,20.04.2024,Anne Anthony
red squirrel,Poland,0.337,24.0,female,0.0,52.211797,21.03375,Basia,20.04.2024,Anne Anthony
red squirrel,Poland,0.318,24.0,male,0.0,52.21247,21.033642,Bob Bobson,20.04.2024,Anne Anthony
red squirrel,Poland,0.33,23.0,male,0.0,52.211872,21.032296,Puchatek,20.04.2024,Anne Anthony
hedgehog,Slovakia,0.8,18.0,male,0.0,48.186208,17.089749,Bob Bobson,21.04.2024,John Johnson
red squirrel,Poland,0.306,19.0,female,0.0,52.212605,21.033877,Bob Bobson,22.04.2024,Anne Anthony
red squirrel,Poland,0.349,20.0,female,0.0,52.212001,21.033903,Bob Bobson,22.04.2024,Anne Anthony
hedgehog,Slovakia,0.7,16.0,male,0.0,48.184231,17.091694,Bob Bobson,23.04.2024,John Johnson
red squirrel,Poland,0.271,19.0,female,0.0,52.211797,21.032857,Bob Bobson,24.04.2024,Anne Anthony
red squirrel,Poland,0.329,24.0,female,0.0,52.212045,21.031986,Bob Bobson,24.04.2024,Anne Anthony
hedgehog,Slovakia,0.6,15.0,female,0.0,48.185648,17.083763,Bob Bobson,24.04.2024,John Johnson
red squirrel,Poland,0.311,21.0,male,0.0,52.212203,21.032279,Bob Bobson,25.04.2024,Anne Anthony
hedgehog,Slovakia,0.7,16.0,male,0.0,48.185433,17.086216,Bob Bobson,26.04.2024,John Johnson
red squirrel,Poland,0.29,24.0,female,0.0,52.212763,21.032786,Bob Bobson,27.04.2024,Anne Anthony
hedgehog,Slovakia,1.2,22.0,male,0.0,48.186913,17.088174,Bob Bobson,27.04.2024,John Johnson
hedgehog,Slovakia,0.7,24.0,female,0.0,48.185649,17.088834,Bob Bobson,27.04.2024,John Johnson
red squirrel,Poland,0.312,23.0,male,0.0,52.21212,21.034268,Bob Bobson,28.04.2024,Anne Anthony
hedgehog,Germany,0.5,20.0,male,0.0,49.55324,11.074008,Bob Bobson,28.04.2024,Bob Bobson
hedgehog,Germany,1.1,20.0,female,0.0,49.551562,11.081737,Bob Bobson,28.04.2024,Bob Bobson
hedgehog,Germany,0.6,18.0,male,0.0,49.547376,11.079529,Bob Bobson,28.04.2024,Bob Bobson
hedgehog,Germany,0.8,20.0,male,0.0,49.560178,11.093259,Bob Bobson,28.04.2024,Bob Bobson
hedgehog,Germany,0.8,19.0,male,0.0,49.558968,11.106642,Bob Bobson,28.04.2024,Bob Bobson
hedgehog,Slovakia,0.9,20.0,male,0.0,48.18637,17.090384,Bob Bobson,28.04.2024,John Johnson
hedgehog,Hungary,0.6,16.0,female,0.0,47.506035,18.944528,Bob Bobson,29.04.2024,Anne Anthony
red squirrel,Poland,0.27,21.0,female,0.0,52.21239,21.034548,Basia,29.04.2024,Anne Anthony
hedgehog,Slovakia,1.1,23.0,male,0.0,48.183848,17.082806,Bob Bobson,29.04.2024,John Johnson
red squirrel,Poland,0.292,20.0,female,0.0,52.212433,21.032496,Bob Bobson,30.04.2024,Anne Anthony
red squirrel,Poland,0.3315,21.0,male,0.0,49.560723,18.944015,Bob Bobson,03.05.2024,James Johnson
red squirrel,Poland,0.305,19.0,female,0.0,52.212746,21.033832,Bob Bobson,09.05.2024,Anne Anthony
hedgehog,Slovakia,0.7,22.0,male,0.0,48.23276,17.069049,Bob Bobson,09.05.2024,John Johnson
hedgehog,Hungary,0.7,16.0,male,0.0,47.509595,18.939751,Bob Bobson,10.05.2024,Anne Anthony
hedgehog,Hungary,1.0,20.0,male,0.0,47.511301,18.93974,Bob Bobson,10.05.2024,Anne Anthony
red squirrel,Poland,0.264,21.0,male,0.0,52.212148,21.033421,Bob Bobson,11.05.2024,Anne Anthony
hedgehog,Germany,0.7,24.0,male,0.0,49.56023,11.102233,Bob Bobson,11.05.2024,Bob Bobson
hedgehog,Germany,1.1,19.0,female,0.0,49.54841,11.078249,Bob Bobson,11.05.2024,Bob Bobson
hedgehog,Slovakia,0.8,24.0,female,0.0,48.239628,17.087298,Bob Bobson,11.05.2024,John Johnson
hedgehog,Hungary,1.0,23.0,female,0.0,47.507376,18.9396,Bob Bobson,12.05.2024,Anne Anthony
red squirrel,Poland,0.266,20.0,male,0.0,52.212429,21.032435,Bob Bobson,12.05.2024,Anne Anthony
hedgehog,Slovakia,0.5,19.0,male,0.0,48.231939,17.087688,Bob Bobson,12.05.2024,John Johnson
red squirrel,Poland,0.266,21.0,female,0.0,52.21284,21.034377,Bob Bobson,13.05.2024,Anne Anthony
red squirrel,Poland,0.317,20.0,female,0.0,52.212163,21.032633,Bob Bobson,13.05.2024,Anne Anthony
hedgehog,Slovakia,1.0,18.0,male,0.0,48.225014,17.081449,Bob Bobson,13.05.2024,John Johnson
hedgehog,Hungary,0.6,17.0,female,0.0,47.506311,18.947371,Bob Bobson,14.05.2024,Anne Anthony
red squirrel,Poland,0.27,23.0,female,0.0,52.212553,21.032768,Bob Bobson,14.05.2024,Anne Anthony
hedgehog,Slovakia,0.7,22.0,female,0.0,48.225116,17.086408,Bob Bobson,14.05.2024,John Johnson
red squirrel,Poland,0.279,22.0,male,0.0,52.212411,21.033173,Bob Bobson,15.05.2024,Anne Anthony
hedgehog,Hungary,1.0,18.0,female,0.0,47.507019,18.944015,Bob Bobson,16.05.2024,Anne Anthony
hedgehog,Slovakia,0.4,13.0,male,0.0,48.237386,17.078352,Bob Bobson,16.05.2024,John Johnson
hedgehog,Hungary,0.3315,21.0,male,0.0,47.510077,18.945646,Bob Bobson,17.05.2024,Anne Anthony
red squirrel,Poland,0.28,19.0,female,0.0,52.212542,21.033829,Bob Bobson,17.05.2024,Anne Anthony
red squirrel,Poland,0.26,19.0,male,0.0,52.212628,21.034494,Bob Bobson,17.05.2024,Anne Anthony
red squirrel,Poland,0.294,24.0,female,0.0,52.21294,21.034208,Bob Bobson,17.05.2024,Anne Anthony
hedgehog,Slovakia,0.6,20.0,male,0.0,48.235981,17.081698,Bob Bobson,17.05.2024,John Johnson
hedgehog,Slovakia,0.8,16.0,female,0.0,48.23493,17.084813,Bob Bobson,17.05.2024,John Johnson
red squirrel,Poland,0.306,21.0,male,0.0,52.211896,21.033806,Bob Bobson,18.05.2024,Anne Anthony
red squirrel,Poland,0.277,22.0,male,0.0,52.211924,21.033243,Bob Bobson,18.05.2024,Anne Anthony
hedgehog,Hungary,1.1,22.0,female,0.0,47.510584,18.94173,Bob Bobson,19.05.2024,Anne Anthony
hedgehog,Slovakia,0.6,19.0,female,0.0,48.236605,17.071495,Bob Bobson,19.05.2024,John Johnson
red squirrel,Poland,0.341,21.0,female,0.0,52.212295,21.034039,Bob Bobson,20.05.2024,Anne Anthony
red squirrel,Poland,0.338,22.0,female,0.0,52.212915,21.033226,Bob Bobson,21.05.2024,Anne Anthony
red squirrel,Poland,0.311,19.0,female,0.0,52.212601,21.032613,Bob Bobson,21.05.2024,Anne Anthony
hedgehog,Slovakia,1.2,25.0,male,0.0,48.231497,17.073128,Bob Bobson,21.05.2024,John Johnson
hedgehog,Slovakia,0.4,16.0,female,0.0,48.238634,17.074895,Bob Bobson,21.05.2024,John Johnson
red squirrel,Poland,0.308,23.0,male,0.0,52.212245,21.032988,Bob Bobson,22.05.2024,Anne Anthony
red squirrel,Poland,0.308,22.0,female,0.0,52.212583,21.032932,Bob Bobson,22.05.2024,Anne Anthony
red squirrel,Poland,0.29,23.0,male,0.0,52.212065,21.034571,Bob Bobson,23.05.2024,Anne Anthony
hedgehog,Slovakia,0.5,16.0,male,0.0,48.231214,17.084105,Bob Bobson,23.05.2024,John Johnson
red squirrel,Poland,0.346,22.0,female,0.0,52.212305,21.033921,Bob Bobson,24.05.2024,Anne Anthony
hedgehog,Slovakia,0.7,20.0,female,0.0,48.231411,17.075484,Bob Bobson,24.05.2024,John Johnson
red squirrel,Poland,0.3315,21.0,male,0.0,52.212906,21.03321,Bob Bobson,25.05.2024,Anne Anthony
red squirrel,Poland,0.327,24.0,female,0.0,52.82211,23.814403,Bob Bobson,26.05.2024,Anne Anthony
hedgehog,Slovakia,0.8,18.0,male,0.0,48.237588,17.090344,Bob Bobson,26.05.2024,John Johnson
hedgehog,Slovakia,0.7,18.0,female,0.0,48.232775,17.070226,Bob Bobson,27.05.2024,John Johnson
red squirrel,Poland,0.274,23.0,male,0.0,52.821631,23.813638,Bob Bobson,28.05.2024,Anne Anthony
red squirrel,Poland,0.31,19.0,female,0.0,52.821524,23.817037,Basia,29.05.2024,Anne Anthony
hedgehog,Slovakia,0.8,18.0,male,0.0,48.22689,17.084025,Bob Bobson,29.05.2024,John Johnson
hedgehog,Slovakia,0.6,18.0,female,0.0,48.237124,17.085811,Bob Bobson,30.05.2024,John Johnson
red squirrel,Poland,0.315,24.0,female,0.0,52.82295,23.81275,Bob Bobson,31.05.2024,Anne Anthony
red squirrel,Poland,0.293,22.0,female,0.0,52.820813,23.809086,Bob Bobson,31.05.2024,Anne Anthony
red squirrel,Poland,0.302,24.0,male,0.0,52.825793,23.811068,Bob Bobson,31.05.2024,Anne Anthony
red squirrel,Poland,0.299,20.0,female,0.0,52.820308,23.809736,Bob Bobson,31.05.2024,Anne Anthony
hedgehog,Slovakia,0.6,15.0,male,0.0,48.228141,17.089055,Bob Bobson,31.05.2024,John Johnson
red squirrel,Poland,0.325,20.0,male,0.0,52.823959,23.817073,Bob Bobson,01.06.2024,Anne Anthony
red squirrel,Poland,0.276,22.0,male,0.0,52.825746,23.815204,Bob Bobson,01.06.2024,Anne Anthony
red squirrel,Poland,0.298,24.0,female,0.0,52.823595,23.814758,Bob Bobson,01.06.2024,Anne Anthony
red squirrel,Poland,0.322,23.0,male,0.0,52.825363,23.816829,Bob Bobson,01.06.2024,Anne Anthony
red squirrel,Poland,0.344,22.0,female,0.0,52.821958,23.811375,Bob Bobson,01.06.2024,Anne Anthony
red squirrel,Poland,0.323,22.0,female,0.0,52.823084,23.816106,Bob Bobson,01.06.2024,Anne Anthony
hedgehog,Slovakia,0.6,15.0,male,0.0,48.238913,17.065508,Bob Bobson,02.06.2024,John Johnson
red squirrel,Poland,0.3315,21.0,male,0.0,49.560723,18.944015,Bob Bobson,03.06.2024,James Johnson
hedgehog,Slovakia,0.7,14.0,female,0.0,48.237762,17.067101,Bob Bobson,03.06.2024,John Johnson
hedgehog,Slovakia,0.7,17.0,female,0.0,48.238517,17.090268,Bob Bobson,03.06.2024,John Johnson
hedgehog,Slovakia,0.7,24.0,male,0.0,48.232384,17.067453,Bob Bobson,05.06.2024,John Johnson
red squirrel,Czech Republic,0.324,19.0,male,0.0,50.881376,14.367503,Bob Bobson,06.06.2024,John Johnson
red squirrel,Czech Republic,0.324,19.0,female,0.0,50.883325,14.372463,Bob Bobson,06.06.2024,John Johnson
red squirrel,Czech Republic,0.291,21.0,female,0.0,50.881428,14.366689,Bob Bobson,08.06.2024,John Johnson
red squirrel,Czech Republic,0.258,20.0,male,0.0,50.882642,14.372818,Bob Bobson,08.06.2024,John Johnson
red squirrel,Czech Republic,0.333,23.0,male,0.0,50.883849,14.367353,Bob Bobson,10.06.2024,John Johnson
red squirrel,Czech Republic,0.278,18.0,female,0.0,50.884288,14.372837,Bob Bobson,11.06.2024,John Johnson
red squirel,Slovakia,0.297,20.0,not determined,0.0,49.054132,22.411066,Bob Bobson,03.07.2024,James Johnson
red squirrel,Slovakia,0.273,23.0,female,0.0,49.055962,22.425527,Bob Bobson,03.07.2024,James Johnson
red squirrel,Slovakia,0.254,19.0,male,0.0,49.055646,22.412458,Bob Bobson,03.07.2024,James Johnson
red squirrel,Slovakia,0.305,20.0,female,0.0,49.05291,22.420861,Bob Bobson,03.07.2024,James Johnson
red squirrel,Slovakia,0.327,19.0,female,0.0,49.055547,22.411172,Bob Bobson,03.07.2024,James Johnson
red squirrell,Slovakia,0.305,20.0,male,0.0,49.054647,22.410445,Bob Bobson,03.07.2024,James Johnson
red squirrel,Poland,0.3315,21.0,male,0.0,49.560723,18.944015,Bob Bobson,03.07.2024,James Johnson
hedgehog,Slovakia,1.0,17.0,male,0.0,48.226063,17.078596,Bob Bobson,05.07.2024,James Johnson
hedgehog,Slovakia,0.6,16.0,female,0.0,48.238067,17.090891,Bob Bobson,05.07.2024,James Johnson
hedgehog,Slovakia,1.1,20.0,female,0.0,48.23954,17.066719,Bob Bobson,05.07.2024,James Johnson
red squirrel,Slovakia,0.327,23.0,male,0.0,49.057284,22.423861,Bob Bobson,03.08.2024,James Johnson
red squirrel,Slovakia,0.319,22.0,female,0.0,49.054751,22.41916,Bob Bobson,03.08.2024,James Johnson
red squirrel,Slovakia,0.303,20.0,male,0.0,49.05593,22.424085,Bob Bobson,03.08.2024,James Johnson
red squirrel,Poland,0.3315,21.0,male,0.0,49.560723,18.944015,Bob Bobson,03.08.2024,James Johnson
red squirrel,Slovakia,0.309,20.0,female,0.0,49.057758,22.415169,Bob Bobson,03.09.2024,James Johnson
red squirrel,Slovakia,0.332,19.0,male,0.0,48.185695,17.090742,Bob Bobson,03.09.2024,James Johnson
red squirrel,Slovakia,0.331,18.0,female,0.0,48.18604,17.091147,Bob Bobson,03.11.2024,James Johnson
red squirrel,Poland,0.3315,21.0,male,0.0,49.560723,18.944015,Bob Bobson,03.13.2024,James Johnson
red squirrel,Poland,0.3315,21.0,male,0.0,49.560723,18.944015,Bob Bobson,03.14.2024,James Johnson
red squirrel,Poland,0.3315,21.0,male,0.0,49.560723,18.944015,Bob Bobson,03.22.2024,James Johnson
hedgehog,Hungary,0.3315,21.0,male,0.0,47.509755,18.949465,Bob Bobson,1 May 2024,Anne Anthony
hedgehog,Hungary,0.9,16.0,female,0.0,47.507053,18.943306,Bob Bobson,1 May 2024,Anne Anthony
red squirrel,Poland,0.281,21.0,male,0.0,52.211985,21.032869,Bob Bobson,1 May 2024,Anne Anthony
hedgehog,Slovakia,0.6,19.0,female,0.0,48.184621,17.089464,Bob Bobson,1 May 2024,John Johnson
red squirrel,Poland,0.282,22.0,female,0.0,52.212911,21.034175,Bob Bobson,2 may 2024,Anne Anthony
red squirrel,Germany,0.305,21.0,female,0.0,48.162609,11.494157,Bob Bobson,2 may 2024,Bob Bobson
hedgehog,Hungary,1.2,26.0,male,0.0,47.509103,18.948171,Bob Bobson,3 May 2024,Anne Anthony
hedgehog,Slovakia,1.1,22.0,male,0.0,48.183927,17.090716,Bob Bobson,3 May 2024,John Johnson
red squirrel,Poland,0.317,19.0,female,0.0,52.21231,21.033586,Zuzia,4 May 2024,Anne Anthony
hedgehog,Hungary,0.7,26.0,male,0.0,47.510697,18.948588,Bob Bobson,5 May 2024,Anne Anthony
hedgehog,Hungary,1.1,21.0,female,0.0,47.505903,18.948538,Bob Bobson,5 May 2024,Anne Anthony
hedgehog,Germany,0.6,23.0,female,0.0,49.56122,11.082195,Bob Bobson,5 May 2024,Bob Bobson
hedgehog,Germany,0.7,21.0,female,0.0,49.559523,11.103684,Bob Bobson,5 May 2024,Bob Bobson
hedgehog,Germany,0.6,23.0,male,0.0,49.547725,11.082734,Bob Bobson,5 May 2024,Bob Bobson
hedgehog,Slovakia,1.0,21.0,male,0.0,48.185893,17.08942,Bob Bobson,5 May 2024,John Johnson
hedgehog,Slovakia,0.4,16.0,male,0.0,48.187845,17.086572,Bob Bobson,5 May 2024,John Johnson
hedgehog,Slovakia,0.7,19.0,female,0.0,48.184278,17.086878,Bob Bobson,5 May 2024,John Johnson
red squirrel,Poland,0.301,22.0,male,0.0,52.21276,21.034189,Bob Bobson,6 May 2024,Anne Anthony
red squirrel,Poland,0.343,22.0,male,0.0,52.212497,21.033515,Bob Bobson,6 May 2024,Anne Anthony
red squirrel,Poland,0.307,20.0,female,0.0,52.212144,21.033534,Bob Bobson,6 May 2024,Anne Anthony
hedgehog,Slovakia,0.8,21.0,male,0.0,48.187468,17.088827,Bob Bobson,6 May 2024,John Johnson
hedgehog,Hungary,0.9,23.0,male,0.0,47.510055,18.944356,Bob Bobson,7 May 2024,Anne Anthony
red squirrel,Poland,0.346,20.0,female,0.0,52.212001,21.033187,Lola,7 May 2024,Anne Anthony
hedgehog,Germany,1.0,23.0,female,0.0,49.561356,11.105334,Bob Bobson,7 May 2024,Bob Bobson
hedgehog,Germany,0.5,17.0,female,0.0,49.561569,11.087046,Bob Bobson,7 May 2024,Bob Bobson
hedgehog,Hungary,0.9,16.0,female,0.0,47.50986,18.939943,Bob Bobson,8 May 2024,Anne Anthony
